day,date,time,type,title,speaker,chairman
1,4/21,14:00 – 14:10,break,Opening,
,,,,Keynote Lecture I,Ping-Chun Hsieh (NYCU)
1,4/21,14:10 – 15:10,keynote,Keynote Lecture - Muon Outperforms Adam in Tail-End Associative Memory Learning,Vincent Y. F. Tan (National University of Singapore)
1,4/21,15:10 – 15:30,break,Coffee Break,
,,,,Invited Session I, Po-An Chen (NYCU)
1,4/21,15:30 – 16:20,plenary,The Shape of Time: Analyzing End-to-End Latency Curves in Cyber-Physical Systems,Mario Günzel (Max-Planck Institute)
1,4/21,16:20 – 17:10,plenary,A Radius-Sensitive Approximation Algorithm for Connected Submodular Maximization,Philip Cervenjak (University of Melbourne)
,,,, Keynote Lecture II, Ya-Chun Liang (NTHU)
2,4/22,09:00 – 10:00,keynote,Keynote Lecture - Primal and Dual Representations,Kazuhisa Makino (Kyoto University)
2,4/22,10:00 – 10:20,break,Coffee Break,
,,,, Invited Session II, Hao-Tsung Yang (NCU)
2,4/22,10:20 – 11:10,plenary,Online TCP Acknowledgment under General Delays,William Umboh (University of Melbourne)
2,4/22,11:10 – 12:00,plenary,Disjoint Paths in Expanders in Deterministic Almost-Linear Time via Hypergraph Perfect Matching,Shang-En Huang (National Taiwan University)
2,4/22,12:10 – 12:40,panel,Lunch Panel - I (Chair: Evangelos Kipouridis (Max-Planck Institute)),"Ting-Jung Chang (NYCU), Yu-Chun Yen (NYCU), and Shang-En Huang (NTU)"
2,4/22,12:40 – 13:10,panel,Lunch Panel - II (Chair: William Umboh (University of Melbourne)),"Michael Zlatin (Pomona College), Nadym Mallek (Hasso Plattner Institute), and Michelle Döring (Hasso Plattner Institute)"
,,,, Invited Session III, Shin-Yu Tsai (NYCU)
2,4/22,13:30 – 14:20,plenary,Hierarchical clustering: Approximation and beyond,Evangelos Kipouridis (Max-Planck Institute)
2,4/22,14:20 – 15:10,plenary,Handling LP-Rounding for Hierarchical Clustering and Fitting Distances by Ultrametrics,Changyeol Lee (Yonsei University)
2,4/22,15:10 – 15:30,break,Coffee Break,
,,,, Invited Session IV,Joseph Chuang-Chieh Lin (NTOU)
2,4/22,15:30 – 16:20,plenary,Reachability-Preserving Isomorphisms in Temporal Graphs,Michelle Döring (Hasso Plattner Institute)
2,4/22,16:20 – 17:10,plenary,Graph Algorithmic Developments in Combinatorial Reconfiguration,Rin Saito (Tohoku University)
,,,,Keynote Lecture III, Bertrand Miao-Tsong Lin (NYCU)
3,4/23,09:00 – 10:00,keynote,Keynote Lecture - Voronoi diagrams in the presence of obstacles,Hee-Kap Ahn (POSTECH)
3,4/23,10:00 – 10:20,break,Coffee Break,
,,,, Invited Session V, Cheng-Kuan Lin (NYCU)
3,4/23,10:20 – 11:10,plenary,Algorithmic Matroid Intersection Coloring,Michael Zlatin (Pomona College)
3,4/23,11:10 – 12:00,plenary,Exploiting Tree-Like Structure in Graph Partitioning Problems,Nadym Mallek (Hasso Plattner Institute)
3,4/23,12:00 – 13:30,panel,Lunch Panel,"Yung-Ju Chang (NYCU), Yi-Ting Chen (NYCU), and Mong-Jen Kao (NYCU)"
3,4/23,13:30 – 14:20,plenary,Open Problem Session
3,4/23,16:00 - 18:00,break,Group Excursion
