Speaker,category,email,image_link,affiliation,title,expertise,talktitle,abstract,talk_date,talk_start_time,talk_end_time
Hee-Kap Ahn / 안희갑 / 安熙甲,keynote,heekap@postech.ac.kr,images/speakers/heekap.png,Pohang University of Science and Technology (POSTECH),Professor,"Algorithms and Data structures / AI Algorithms and Machine Learning / Optimization / Computational Geometry","Voronoi Diagrams in the Presence of Obstacles","A talk on geometric structures and obstacle-aware distance models in Voronoi diagrams.",4/23,9:00,10:00
Kazuhisa Makino / 牧野 和久,keynote,add @kurims.kyoto-u.ac.jp,images/speakers/makino.jpg,Kyoto University,Professor,"Discrete mathematics / Optimization / Algorithm theory","Primal and Dual Representations","Enumeration problems, dualization, and the geometry of primal and dual representations.",4/22,9:00,10:00
Michelle Döring,others,michelle.doering@hpi.de,images/speakers/csm_michelle_doering_ce43ac8db1.jpg,Hasso Plattner Institute,PhD Student,"Temporal Graphs / Time-Varying Dynamic Networks","Reachability-Preserving Isomorphisms in Temporal Graphs","A talk on reachability patterns and structural equivalence in temporal graphs.",4/22,15:30,16:20
Michael Zlatin,plenary,michael.zlatin@pomona.edu,images/speakers/mik_pic.png,Pomona College,Assistant Professor,"Approximation Algorithms / Online Submodular Assignment","Algorithmic Matroid Intersection Coloring","An overview of recent approximation algorithms and applications in matroid intersection coloring.",4/23,10:20,11:10
Shang-En Huang / 黃上恩,plenary,sehuang@csie.ntu.edu.tw,images/speakers/照片-黃上恩-1.jpg,National Taiwan University,Assistant Professor,"Dynamic Graph Data Structures and Algorithms / Distributed Graph Algorithms","Disjoint Paths in Expanders in Deterministic Almost-Linear Time via Hypergraph Perfect Matching","A talk on deterministic algorithms for finding short disjoint paths in expanders.",4/22,11:10,12:00
William Umboh,plenary,,images/speakers/profilepic-cropped.jpg,The University of Melbourne,Assistant Professor,"Approximation & Online Algorithms for Combinatorial Optimization","Online TCP Acknowledgment under General Delays","A talk on online algorithms and generalized delay models for acknowledgment systems.",4/22,10:20,11:10
Evangelos Kipouridis,plenary,,images/speakers/csm_kipouridis_a4cf8cf0de.jpg,Max-Planck Institute,Researcher,"Clustering / Graph Connectivity / Approximation Algorithms","Hierarchical clustering: Approximation and beyond","An overview of hierarchical clustering algorithms with formal guarantees and practical variants.",4/22,13:30,14:20
Changyeol Lee,others,changyeollee@yonsei.ac.kr,images/speakers/me.jpg,Yonsei University,PhD Student,"Approximation Algorithms / Online Algorithms / Learning-augmented Algorithms / Combinatorial Optimization","Handling LP-Rounding for Hierarchical Clustering and Fitting Distances by Ultrametrics","A talk on hierarchical clustering and ultrametric fitting through LP-rounding techniques.",4/22,14:20,15:10
Rin Saito,others,rin.saito@dc.tohoku.ac.jp,images/speakers/fix.jpg,Tohoku University,PhD Student,"Graph Algorithms / Parameterized Complexity / Combinatorial Reconfiguration","Graph Algorithmic Developments in Combinatorial Reconfiguration","An introduction to reconfiguration and recent algorithmic developments in graph transformations.",4/22,16:20,17:10
Mario Günzel,plenary,,images/speakers/csm_profile_guenzel_4f59db872a.webp,Max-Planck Institute,Postdoctoral Researcher,"Real-Time System Scheduling / Embedded Systems / Schedulability Tests / Scheduling Algorithms","The Shape of Time: Analyzing End-to-End Latency Curves in Cyber-Physical Systems","A talk on end-to-end latency curves and timing analysis in cyber-physical systems.",4/21,15:30,16:20
Vincent Y. F. Tan,keynote,vtan@nus.edu.sg,images/speakers/vtan9.jpg,National University of Singapore,Professor,"Information Theory / Statistical Signal Processing / Machine Learning","Muon Outperforms Adam in Tail-End Associative Memory Learning","A talk on the Muon optimizer, heavy-tailed learning, and associative-memory behavior in large models.",4/21,14:10,15:10
Nadym Mallek,others,nadym.mallek@hpi.de,images/speakers/csm_Nadym_Mallek_679815004c.jpg,Hasso Plattner Institute,PhD Graduate,"Approximation Algorithms / Structural Algorithmics for Network Cut and Partitioning Problems","Exploiting Tree-Like Structure in Graph Partitioning Problems","A talk on tree-like structure and approximation algorithms for graph partitioning problems.",4/23,11:10,12:00
Philip Cervenjak,others,,images/speakers/1520389726397.jpg,University of Melbourne,PhD Graduate,"Combinatorial Optimization / Approximation Algorithms / Beyond-Worst-Case Analysis of Algorithms","A Radius-Sensitive Approximation Algorithm for Connected Submodular Maximization","A talk on approximation guarantees for connected submodular maximization with radius-sensitive bounds.",4/21,16:20,17:10
Yi-Ting Chen,panel,ychen@cs.nycu.edu.tw,images/speakers/Cjz6vor1i5qHyZjEjaatROOaMOR9EgVwP2CN3c2o.png,"Department of Computer Science, NYCU.",Associate Professor,"Human-centered Physical AI / Intelligent Driving Systems / Assistive Robotics / Computer Vision / Machine Learning",,,4/23,12:00,13:30
Ting-Jung Chang,panel,tingchang@cs.nycu.edu.tw,images/speakers/R61YssxjL04WMWujNrLbIE6FqeIMVIlf9IJ95Q7Z.png,"Department of Computer Science, NYCU.",Assistant Professor,"Computer Architecture / Digital VLSI Design",,,4/22,12:10,12:40
Yung-Ju Stanley Chang,panel,armuro@nycu.edu.tw,images/speakers/fTQOrGKfJ7SQBteW5Db6nU5my8dpmMKYVmbp7Osz.png,"Department of Computer Science, NYCU.",Professor,"Human Computer Interaction / Context-Aware Computing / Information Behavior",,,4/23,12:00,13:30
Yu-Chun Yen,panel,yyen@cs.nycu.edu.tw,images/speakers/TxnBkEZOOQ1980JVAO9QD3U4Lg1cIzuvZ6upLWgE.png,"Department of Computer Science, NYCU.",Assistant Professor,"Collective Intelligence / Creativity Support / Computer-supported Communication / Human-AI Collaboration",,,4/22,12:10,12:40
